id,amount,message,status,stripePaymentIntentId,donorId,recipientId,createdAt,updatedAt,storyId,paymentMethod,paypalOrderId
"cmaz7ywpt0005iz489v9z2j0d",500,"I love you...","pending","","cmaz3vha50004izh8jqom47bu","cmaz2oa0x0000izh8u17zg9ur","2025-05-22T10:18:55.649Z","2025-05-22T10:18:55.744Z","cmaz46jad0005izh8zb8ks7xv","paypal",""
"cmaz807jc0007iz488zbl782b",500,"I love you...","succeeded","","cmaz3vha50004izh8jqom47bu","cmaz2oa0x0000izh8u17zg9ur","2025-05-22T10:19:56.328Z","2025-05-22T10:19:56.328Z","cmaz46jad0005izh8zb8ks7xv","paypal","75V86742MN469652T"
"cmaz8h4000001iztwtimrza82",500,"I love you 1000....","pending","","cmaz3vha50004izh8jqom47bu","cmaz2oa0x0000izh8u17zg9ur","2025-05-22T10:33:04.835Z","2025-05-22T10:33:04.971Z","cmaz46jad0005izh8zb8ks7xv","paypal",""
"cmaz8hi3g0003iztwpynslfej",500,"I love you 1000....","succeeded","","cmaz3vha50004izh8jqom47bu","cmaz2oa0x0000izh8u17zg9ur","2025-05-22T10:33:23.164Z","2025-05-22T10:33:23.164Z","cmaz46jad0005izh8zb8ks7xv","paypal","557452141H991341G"
"cmazav1d30001fe01vm6q4gpn",500,"","pending","","cmaz3vha50004izh8jqom47bu","cmaz2oa0x0000izh8u17zg9ur","2025-05-22T11:39:53.895Z","2025-05-22T11:39:53.914Z","cmaz46jad0005izh8zb8ks7xv","paypal",""
"cmazawipf0003fe015imcyuic",500,"","succeeded","","cmaz3vha50004izh8jqom47bu","cmaz2oa0x0000izh8u17zg9ur","2025-05-22T11:41:03.027Z","2025-05-22T11:41:03.027Z","cmaz46jad0005izh8zb8ks7xv","paypal","5XU38690AB218324Y"
"cmazaxq8i0005fe01yttour40",500,"","pending","","cmaz3vha50004izh8jqom47bu","cmaz2oa0x0000izh8u17zg9ur","2025-05-22T11:41:59.442Z","2025-05-22T11:41:59.448Z","cmaz46jad0005izh8zb8ks7xv","paypal",""
"cmazay1qk0007fe01fyi35l48",500,"","succeeded","","cmaz3vha50004izh8jqom47bu","cmaz2oa0x0000izh8u17zg9ur","2025-05-22T11:42:14.348Z","2025-05-22T11:42:14.348Z","cmaz46jad0005izh8zb8ks7xv","paypal","90U09013LL427964B"
"cmazkh63w0001ex011izl09pr",500,"I ......","pending","","cmaz3vha50004izh8jqom47bu","cmaz2oa0x0000izh8u17zg9ur","2025-05-22T16:09:03.020Z","2025-05-22T16:09:03.046Z","cmaz46jad0005izh8zb8ks7xv","paypal",""
"cmazkhy010003ex01ivv0vsfc",500,"I ......","succeeded","","cmaz3vha50004izh8jqom47bu","cmaz2oa0x0000izh8u17zg9ur","2025-05-22T16:09:39.169Z","2025-05-22T16:09:39.169Z","cmaz46jad0005izh8zb8ks7xv","paypal","5LW3707221750371J"
"cmazkxkid0001p001345pxq01",500,"","pending","","cmaz3vha50004izh8jqom47bu","cmaz2oa0x0000izh8u17zg9ur","2025-05-22T16:21:48.181Z","2025-05-22T16:21:48.186Z","cmaz46jad0005izh8zb8ks7xv","paypal",""
"cmazky5cv0003p001iye21cq1",500,"","succeeded","","cmaz3vha50004izh8jqom47bu","cmaz2oa0x0000izh8u17zg9ur","2025-05-22T16:22:15.200Z","2025-05-22T16:22:15.200Z","cmaz46jad0005izh8zb8ks7xv","paypal","75364867BB697134M"
"cmazkzmj30005p001ieaf80n0",500,"","pending","","cmaz3vha50004izh8jqom47bu","cmaz2oa0x0000izh8u17zg9ur","2025-05-22T16:23:24.111Z","2025-05-22T16:23:24.115Z","cmaz46jad0005izh8zb8ks7xv","paypal",""
"cmazkzwy20007p00174q1z5j5",500,"","succeeded","","cmaz3vha50004izh8jqom47bu","cmaz2oa0x0000izh8u17zg9ur","2025-05-22T16:23:37.610Z","2025-05-22T16:23:37.610Z","cmaz46jad0005izh8zb8ks7xv","paypal","12E40346FM890494U"
"cmb0ejj6u0001et014d8pbort",500,"testing you bitch","pending","","cmaz3vha50004izh8jqom47bu","cmaz2oa0x0000izh8u17zg9ur","2025-05-23T06:10:41.765Z","2025-05-23T06:10:41.780Z","cmaz46jad0005izh8zb8ks7xv","paypal",""
"cmb0ek8fx0003et013kl983rw",500,"testing you bitch","succeeded","","cmaz3vha50004izh8jqom47bu","cmaz2oa0x0000izh8u17zg9ur","2025-05-23T06:11:14.494Z","2025-05-23T06:11:14.494Z","cmaz46jad0005izh8zb8ks7xv","paypal","4FL56433G04455100"
"cmb6pq29v0001izk44jzpge8e",500,"","pending","","cmaz3vha50004izh8jqom47bu","cmaz2oa0x0000izh8u17zg9ur","2025-05-27T16:10:18.818Z","2025-05-27T16:10:19.450Z","cmaz46jad0005izh8zb8ks7xv","paypal",""
"cmb6q12of0001izv4ny18is4w",500,"","pending","","cmaz3vha50004izh8jqom47bu","cmaz2oa0x0000izh8u17zg9ur","2025-05-27T16:18:53.008Z","2025-05-27T16:18:53.081Z","cmaz46jad0005izh8zb8ks7xv","paypal",""
"cmb7d3vfa0001izy02cvrjsbs",500,"","pending","","cmaz3vha50004izh8jqom47bu","cmaz2oa0x0000izh8u17zg9ur","2025-05-28T03:04:54.537Z","2025-05-28T03:04:54.859Z","cmaz46jad0005izh8zb8ks7xv","paypal",""
"cmb7dpbgm0003izy0qf4hmdve",500,"","pending","","cmaz3vha50004izh8jqom47bu","cmaz2oa0x0000izh8u17zg9ur","2025-05-28T03:21:35.302Z","2025-05-28T03:21:35.375Z","cmaz46jad0005izh8zb8ks7xv","paypal",""
"cmb7dr16y0005izy0w8kdpafo",500,"","pending","","cmaz3vha50004izh8jqom47bu","cmaz2oa0x0000izh8u17zg9ur","2025-05-28T03:22:55.306Z","2025-05-28T03:22:55.357Z","cmaz46jad0005izh8zb8ks7xv","paypal",""
"cmb7dsu0n0007izy0dx4ayxrc",500,"","pending","","cmaz3vha50004izh8jqom47bu","cmaz2oa0x0000izh8u17zg9ur","2025-05-28T03:24:19.320Z","2025-05-28T03:24:19.351Z","cmaz46jad0005izh8zb8ks7xv","paypal",""
"cmckjyj8p000biz6w722miqx1",500,"","pending","","cmaz3vha50004izh8jqom47bu","cmaz2oa0x0000izh8u17zg9ur","2025-07-01T13:17:25.608Z","2025-07-01T13:17:25.803Z","cmb6k1nhm0000izqwax2oao3t","PAYPAL",""
"cmckk8bjs000diz6wga6l4une",500,"","pending","","cmaz3vha50004izh8jqom47bu","cmaz2oa0x0000izh8u17zg9ur","2025-07-01T13:25:02.172Z","2025-07-01T13:25:02.345Z","cmb6k1nhm0000izqwax2oao3t","PAYPAL",""
"cmckkby4u000fiz6w6k4cqcov",500,"","succeeded","","cmaz3vha50004izh8jqom47bu","cmaz2oa0x0000izh8u17zg9ur","2025-07-01T13:27:51.438Z","2025-07-01T13:27:51.438Z","cmb6k1nhm0000izqwax2oao3t","paypal","4BR012522S281494P"
"cmclwbetc0003izzsb0pgbgo6",500,"","pending","","cmaz3vha50004izh8jqom47bu","cmaz2oa0x0000izh8u17zg9ur","2025-07-02T11:51:07.967Z","2025-07-02T11:51:08.197Z","cmb6k1nhm0000izqwax2oao3t","PAYPAL",""
"cmclwc3g70005izzsh9vf6rij",500,"","succeeded","","cmaz3vha50004izh8jqom47bu","cmaz2oa0x0000izh8u17zg9ur","2025-07-02T11:51:39.895Z","2025-07-02T11:51:39.895Z","cmb6k1nhm0000izqwax2oao3t","paypal","3T978617868171805"
"cmcly7hth000dizzsfh7ubjvw",500,"","pending","","cmaz3vha50004izh8jqom47bu","cmaz2oa0x0000izh8u17zg9ur","2025-07-02T12:44:04.470Z","2025-07-02T12:44:04.539Z","cmb6k1nhm0000izqwax2oao3t","PAYPAL",""
"cmcly8j57000fizzs3ei9a95q",500,"","succeeded","","cmaz3vha50004izh8jqom47bu","cmaz2oa0x0000izh8u17zg9ur","2025-07-02T12:44:52.844Z","2025-07-02T12:44:52.844Z","cmb6k1nhm0000izqwax2oao3t","paypal","0M344465JP3543246"
"cmclyeidh000jizzs91f1q5cj",500,"","pending","","cmaz3vha50004izh8jqom47bu","cmaz2oa0x0000izh8u17zg9ur","2025-07-02T12:49:31.781Z","2025-07-02T12:49:31.851Z","cmb6k1nhm0000izqwax2oao3t","PAYPAL",""
"cmclyev74000lizzsk9j3d5iw",500,"","succeeded","","cmaz3vha50004izh8jqom47bu","cmaz2oa0x0000izh8u17zg9ur","2025-07-02T12:49:48.401Z","2025-07-02T12:49:48.401Z","cmb6k1nhm0000izqwax2oao3t","paypal","5S0367057L5274546"
"cmclzguts0001izi8mxpcupay",500,"","pending","","cmaz3vha50004izh8jqom47bu","cmaz2oa0x0000izh8u17zg9ur","2025-07-02T13:19:20.829Z","2025-07-02T13:19:20.956Z","cmb6k1nhm0000izqwax2oao3t","PAYPAL",""
"cmclzi0gi0003izi8sdyvbrjg",500,"","pending","","cmaz3vha50004izh8jqom47bu","cmaz2oa0x0000izh8u17zg9ur","2025-07-02T13:20:14.802Z","2025-07-02T13:20:14.802Z","cmb6k1nhm0000izqwax2oao3t","PAYPAL","3SB702179W964304J"
"cmcm03xoq0005izi8huygpup7",500,"","pending","","cmaz3vha50004izh8jqom47bu","cmaz2oa0x0000izh8u17zg9ur","2025-07-02T13:37:17.627Z","2025-07-02T13:37:17.858Z","cmb6k1nhm0000izqwax2oao3t","PAYPAL",""
"cmcm04udi0007izi81rpdxzgf",500,"S S Rajamoli","pending","","cmaz3vha50004izh8jqom47bu","cmaz2oa0x0000izh8u17zg9ur","2025-07-02T13:38:00.006Z","2025-07-02T13:38:00.006Z","cmb6k1nhm0000izqwax2oao3t","PAYPAL","32K2362292604961R"
"cmcmwmylj0001izh013w0i5zp",500,"","pending","","cmaz3vha50004izh8jqom47bu","cmaz2oa0x0000izh8u17zg9ur","2025-07-03T04:47:52.830Z","2025-07-03T04:47:53.203Z","cmb6k1nhm0000izqwax2oao3t","PAYPAL",""
"cmcmwny9t0003izh0o5nhkppv",500,"","pending","","cmaz3vha50004izh8jqom47bu","cmaz2oa0x0000izh8u17zg9ur","2025-07-03T04:48:39.233Z","2025-07-03T04:48:39.233Z","cmb6k1nhm0000izqwax2oao3t","PAYPAL","4UN09426CC1382636"
"cmcmxs34t0005izh0i8cjpuvn",500,"","pending","","cmaz3vha50004izh8jqom47bu","cmaz2oa0x0000izh8u17zg9ur","2025-07-03T05:19:51.773Z","2025-07-03T05:19:51.824Z","cmb6k1nhm0000izqwax2oao3t","PAYPAL",""
"cmcmxsvyt0007izh09svck5zy",500,"","pending","","cmaz3vha50004izh8jqom47bu","cmaz2oa0x0000izh8u17zg9ur","2025-07-03T05:20:29.142Z","2025-07-03T05:20:29.142Z","cmb6k1nhm0000izqwax2oao3t","PAYPAL","9RP35702WV9776830"
"cmcmz7rzp0009izh0x0ayyk5r",500,"","pending","","cmaz3vha50004izh8jqom47bu","cmaz2oa0x0000izh8u17zg9ur","2025-07-03T06:00:03.445Z","2025-07-03T06:00:03.513Z","cmb6k1nhm0000izqwax2oao3t","PAYPAL",""
"cmcmz960m000bizh0l3edi74d",500,"","pending","","cmaz3vha50004izh8jqom47bu","cmaz2oa0x0000izh8u17zg9ur","2025-07-03T06:01:08.278Z","2025-07-03T06:01:08.278Z","cmb6k1nhm0000izqwax2oao3t","PAYPAL","52055236VL564343S"
"cmcn04wfg000dizh0wt43pizz",500,"","pending","","cmaz3vha50004izh8jqom47bu","cmaz2oa0x0000izh8u17zg9ur","2025-07-03T06:25:48.844Z","2025-07-03T06:25:48.926Z","cmb6k1nhm0000izqwax2oao3t","PAYPAL",""
"cmcn05tp9000fizh07deuy4uo",500,"","pending","","cmaz3vha50004izh8jqom47bu","cmaz2oa0x0000izh8u17zg9ur","2025-07-03T06:26:31.966Z","2025-07-03T06:26:31.966Z","cmb6k1nhm0000izqwax2oao3t","PAYPAL","21G31431FV2642533"
"cmcn0ynvw000hizh0ir5jvc62",500,"","pending","","cmaz3vha50004izh8jqom47bu","cmaz2oa0x0000izh8u17zg9ur","2025-07-03T06:48:57.452Z","2025-07-03T06:48:57.525Z","cmb6k1nhm0000izqwax2oao3t","PAYPAL",""
"cmcn0zgwb000jizh0uf415mv5",500,"","pending","","cmaz3vha50004izh8jqom47bu","cmaz2oa0x0000izh8u17zg9ur","2025-07-03T06:49:35.052Z","2025-07-03T06:49:35.052Z","cmb6k1nhm0000izqwax2oao3t","PAYPAL","19B80730M98587042"
"cmcn2140n000lizh0xjm0eoku",500,"","pending","","cmaz3vha50004izh8jqom47bu","cmaz2oa0x0000izh8u17zg9ur","2025-07-03T07:18:51.258Z","2025-07-03T07:18:51.356Z","cmb6k1nhm0000izqwax2oao3t","PAYPAL",""
"cmcn29mxj000nizh0j8vh54r6",500,"","pending","","cmaz3vha50004izh8jqom47bu","cmaz2oa0x0000izh8u17zg9ur","2025-07-03T07:25:29.047Z","2025-07-03T07:25:29.099Z","cmb6k1nhm0000izqwax2oao3t","PAYPAL",""
"cmcn2g358000pizh0ty2q98jh",500,"","pending","","cmaz3vha50004izh8jqom47bu","cmaz2oa0x0000izh8u17zg9ur","2025-07-03T07:30:29.508Z","2025-07-03T07:30:30.254Z","cmb6k1nhm0000izqwax2oao3t","PAYPAL",""
"cmcnge9bl0009izd8glhv1aiw",500,"","pending","","cmaz3vha50004izh8jqom47bu","cmaz2oa0x0000izh8u17zg9ur","2025-07-03T14:00:59.280Z","2025-07-03T14:00:59.382Z","cmaz46jad0005izh8zb8ks7xv","PAYPAL","4F58609639057230W"
"cmcn2g84v000rizh09rgs9w4h",500,"","pending","","cmaz3vha50004izh8jqom47bu","cmaz2oa0x0000izh8u17zg9ur","2025-07-03T07:30:36.463Z","2025-07-03T07:30:54.271Z","cmb6k1nhm0000izqwax2oao3t","PAYPAL","15764105NH501001B"
"cmcn2j0qx000tizh0hzmwwmgx",500,"","pending","","cmaz3vha50004izh8jqom47bu","cmaz2oa0x0000izh8u17zg9ur","2025-07-03T07:32:46.857Z","2025-07-03T07:32:46.908Z","cmb6k1nhm0000izqwax2oao3t","PAYPAL",""
"cmcn2j4ow000vizh0lx4ephsm",500,"","pending","","cmaz3vha50004izh8jqom47bu","cmaz2oa0x0000izh8u17zg9ur","2025-07-03T07:32:51.968Z","2025-07-03T07:33:06.482Z","cmb6k1nhm0000izqwax2oao3t","PAYPAL","2C015091EB1051437"
"cmcn3a9xe000xizh069exlgek",500,"","pending","","cmaz3vha50004izh8jqom47bu","cmaz2oa0x0000izh8u17zg9ur","2025-07-03T07:53:58.416Z","2025-07-03T07:53:58.744Z","cmb6k1nhm0000izqwax2oao3t","PAYPAL",""
"cmcnggyc1000bizd8l73h0yce",500,"","pending","","cmaz3vha50004izh8jqom47bu","cmaz2oa0x0000izh8u17zg9ur","2025-07-03T14:03:05.041Z","2025-07-03T14:03:05.072Z","cmaz46jad0005izh8zb8ks7xv","PAYPAL","9PW86981N3244764C"
"cmcn3af0i000zizh0r98vf9r0",500,"","pending","","cmaz3vha50004izh8jqom47bu","cmaz2oa0x0000izh8u17zg9ur","2025-07-03T07:54:05.059Z","2025-07-03T07:54:46.572Z","cmb6k1nhm0000izqwax2oao3t","PAYPAL","4C4185327W6391612"
"cmcnalmxk0003iz6s87g38f4x",500,"","pending","","cmaz3vha50004izh8jqom47bu","cmaz2oa0x0000izh8u17zg9ur","2025-07-03T11:18:45.829Z","2025-07-03T11:18:45.829Z","cmb6k1nhm0000izqwax2oao3t","PAYPAL",""
"cmcnalrbh0005iz6sveyn9syi",500,"","pending","","cmaz3vha50004izh8jqom47bu","cmaz2oa0x0000izh8u17zg9ur","2025-07-03T11:18:51.533Z","2025-07-03T11:19:30.805Z","cmb6k1nhm0000izqwax2oao3t","PAYPAL","4E0448711R632784H"
"cmcnbyp5z0003izx8yk0vgj9e",500,"Yeah","pending","","cmaz3vha50004izh8jqom47bu","cmaz2oa0x0000izh8u17zg9ur","2025-07-03T11:56:54.887Z","2025-07-03T11:56:54.887Z","cmb6k1nhm0000izqwax2oao3t","PAYPAL",""
"cmcnbys2d0005izx8nze8fej0",500,"Yeah","pending","","cmaz3vha50004izh8jqom47bu","cmaz2oa0x0000izh8u17zg9ur","2025-07-03T11:56:58.646Z","2025-07-03T11:57:36.217Z","cmb6k1nhm0000izqwax2oao3t","PAYPAL","75T32227VR030964M"
"cmcnckf3c0007izx8gzwe19or",500,"","pending","","cmaz3vha50004izh8jqom47bu","cmaz2oa0x0000izh8u17zg9ur","2025-07-03T12:13:48.262Z","2025-07-03T12:13:48.262Z","cmb6k1nhm0000izqwax2oao3t","PAYPAL",""
"cmcnckhri0009izx8is8p440o",500,"","pending","","cmaz3vha50004izh8jqom47bu","cmaz2oa0x0000izh8u17zg9ur","2025-07-03T12:13:51.726Z","2025-07-03T12:14:23.432Z","cmb6k1nhm0000izqwax2oao3t","PAYPAL","2MB0989868453882A"
"cmcngdl9h0007izd8ciid4ch0",500,"","pending","","cmaz3vha50004izh8jqom47bu","cmaz2oa0x0000izh8u17zg9ur","2025-07-03T14:00:28.129Z","2025-07-03T14:00:28.295Z","cmaz46jad0005izh8zb8ks7xv","PAYPAL","9J915438EN636214Y"
"cmcngiggj000dizd8infu3kap",500,"","pending","","cmaz3vha50004izh8jqom47bu","cmaz2oa0x0000izh8u17zg9ur","2025-07-03T14:04:15.187Z","2025-07-03T14:04:15.227Z","cmaz46jad0005izh8zb8ks7xv","PAYPAL","06P64485631795106"
"cmcp0dbvu0005iz7wl9fq9yx8",500,"","pending","","cmaz3vha50004izh8jqom47bu","cmaz2oa0x0000izh8u17zg9ur","2025-07-04T16:07:54.440Z","2025-07-04T16:07:54.596Z","cmaz46jad0005izh8zb8ks7xv","PAYPAL","7CA44310KK159454W"
"cmcp0qlub0009iz7wt1r0c1tt",500,"","pending","","cmaz3vha50004izh8jqom47bu","cmaz2oa0x0000izh8u17zg9ur","2025-07-04T16:18:13.907Z","2025-07-04T16:18:13.977Z","cmb6k1nhm0000izqwax2oao3t","PAYPAL","41T79296AH839790F"
"cmcp0qsqc000biz7wrtqyd03u",500,"","succeeded","","cmaz3vha50004izh8jqom47bu","cmaz2oa0x0000izh8u17zg9ur","2025-07-04T16:18:22.836Z","2025-07-04T16:19:01.857Z","cmb6k1nhm0000izqwax2oao3t","PAYPAL","5C504941TD1746633"
"cmcp0si6h000fiz7w1ibdbz5k",500,"","pending","","cmaz3vha50004izh8jqom47bu","cmaz2oa0x0000izh8u17zg9ur","2025-07-04T16:19:42.473Z","2025-07-04T16:19:42.528Z","cmb6k1nhm0000izqwax2oao3t","PAYPAL","0W579517EN186060D"
"cmcp0so6l000hiz7wo35evh16",500,"","succeeded","","cmaz3vha50004izh8jqom47bu","cmaz2oa0x0000izh8u17zg9ur","2025-07-04T16:19:50.253Z","2025-07-04T16:21:31.628Z","cmb6k1nhm0000izqwax2oao3t","PAYPAL","5B4615508V8253035"
"cmcpwlm2n0001izdw988wdigh",500,"","pending","","cmaz3vha50004izh8jqom47bu","cmaz2oa0x0000izh8u17zg9ur","2025-07-05T07:10:08.532Z","2025-07-05T07:10:08.794Z","cmaz46jad0005izh8zb8ks7xv","PAYPAL","68S51008PL851383H"
"cmcpzhxp20007izdw33vp0w2w",500,"","succeeded","","cmaz3vha50004izh8jqom47bu","cmaz2oa0x0000izh8u17zg9ur","2025-07-05T08:31:15.898Z","2025-07-05T08:32:03.785Z","cmaz46jad0005izh8zb8ks7xv","PAYPAL","9RW22663KY542480V"
"cmcpwlxf20003izdwl0rdrn2q",500,"","succeeded","","cmaz3vha50004izh8jqom47bu","cmaz2oa0x0000izh8u17zg9ur","2025-07-05T07:10:23.342Z","2025-07-05T07:11:04.184Z","cmaz46jad0005izh8zb8ks7xv","PAYPAL","4UJ08609KV163643W"
"cmcpzktxq000bizdwzckduomv",1000,"","succeeded","","cmaz3vha50004izh8jqom47bu","cmaz2oa0x0000izh8u17zg9ur","2025-07-05T08:33:31.019Z","2025-07-05T08:33:46.840Z","cmaz46jad0005izh8zb8ks7xv","PAYPAL","90N25953SH587851A"